{
  "model_version": "tft_v1",
  "checkpoint": "/content/drive/MyDrive/stoX_models/tft_v1/best.ckpt",
  "encoder_length": 60,
  "prediction_length": 1,
  "hidden_size": 64,
  "attention_head_size": 4,
  "dropout": 0.1,
  "hidden_continuous_size": 32,
  "quantiles": [
    0.1,
    0.5,
    0.9
  ],
  "learning_rate": 0.003,
  "n_tickers": 20,
  "val_metrics": {
    "mae": 0.020394332706928253,
    "rmse": 0.03255714103579521,
    "mape": 1.0006117820739746,
    "directional_accuracy": 0.4823635138171197,
    "quantile_coverage": 0.7148955290945855
  },
  "test_metrics": {
    "mae": 0.015675324946641922,
    "rmse": 0.16559773683547974,
    "mape": 1.0670720338821411,
    "directional_accuracy": 0.431438127090301,
    "quantile_coverage": 0.8653668255888423
  },
  "mlflow_run_id": "1beda1faacfd46278500742a21a5e973"
}