{
  "model_version": "tft_v1",
  "checkpoint": "D:\\stox\\ml\\models\\tft_v1\\best.ckpt",
  "encoder_length": 60,
  "prediction_length": 1,
  "hidden_size": 32,
  "attention_head_size": 2,
  "dropout": 0.1,
  "hidden_continuous_size": 16,
  "quantiles": [
    0.1,
    0.5,
    0.9
  ],
  "learning_rate": 0.003,
  "n_tickers": 20,
  "note": "Trained on Google Colab T4 GPU. pipeline.yaml now targets hidden_size=64 — re-train on Colab for a larger model.",
  "val_metrics": {
    "mae": 0.020442616194486618,
    "rmse": 0.03260789066553116,
    "mape": 1.0165818929672241,
    "directional_accuracy": 0.4677600539204673,
    "quantile_coverage": 0.7582565715569535
  },
  "test_metrics": {
    "mae": 0.01562268752604723,
    "rmse": 0.16560445725917816,
    "mape": 1.038830041885376,
    "directional_accuracy": 0.43236319647050453,
    "quantile_coverage": 0.8084394791147798
  }
}
